{
  "$schema": "http://json-schema.org/draft-07/schema#",
  "type": "object",
  "required": ["companyName"],
  "properties": {
    "companyName": {
      "type": "string",
      "minLength": 1,
      "title": "Company Name"
    },
    "registrationDate": {
      "type": ["string", "null"],
      "default": null,
      "title": "Registration date",
      "format": "date-time"
    },
    "registrationId": {
      "type": "string",
      "title": "Registration Id"
    },
    "country": {
      "type": "string",
      "title": "Country"
    },
    "aliases": {
      "type": "array",
      "title": "Aliases",
      "items": {
        "title": "Alias",
        "type": "string",
        "minLength": 1
      }
    },
    "places": {
      "type": "array",
      "title": "Places",
      "items": {
        "type": "object",
        "required": ["streetAddress", "city", "country"],
        "properties": {
          "streetAddress": {
            "type": "string",
            "minLength": 1,
            "title": "Street address"
          },
          "city": {
            "type": "string",
            "minLength": 1,
            "title": "City"
          },
          "country": {
            "type": "string",
            "minLength": 1,
            "title": "Country"
          },
          "state": {
            "type": "string",
            "title": "State"
          }
        }
      }
    },
    "emails": {
      "type": "array",
      "title": "Emails",
      "items": {
        "title": "Email",
        "type": "string",
        "minLength": 1,
        "format": "email"
      }
    },
    "phoneNumbers": {
      "type": "array",
      "title": "Phone numbers",
      "items": {
        "title": "Phone number",
        "type": "string",
        "minLength": 1
      }
    },
    "userNames": {
      "type": "array",
      "title": "User names",
      "items": {
        "title": "User name",
        "type": "string",
        "minLength": 1
      }
    },
    "socialProfiles": {
      "type": "array",
      "title": "Social profiles",
      "items": {
        "title": "Social profile",
        "type": "string",
        "minLength": 1
      }
    },
    "keyPeople": {
      "type": "array",
      "title": "Key People",
      "items": {
        "title": "Key People",
        "type": "string",
        "minLength": 1
      }
    },
    "employees": {
      "type": "array",
      "title": "Employees",
      "items": {
        "title": "Employee",
        "type": "string",
        "minLength": 1
      }
    },
    "corporateGroup": {
      "type": "array",
      "title": "Corporate Group",
      "items": {
        "title": "Corporate Group",
        "type": "string",
        "minLength": 1
      }
    },
    "websites": {
      "type": "array",
      "title": "Websites",
      "items": {
        "title": "Website",
        "type": "string",
        "minLength": 1
      }
    },
    "trademarks": {
      "type": "array",
      "title": "Trademarks",
      "items": {
        "title": "Trademark",
        "type": "string",
        "minLength": 1
      }
    },
    "patents": {
      "type": "array",
      "title": "Patents",
      "items": {
        "title": "Patent",
        "type": "string",
        "minLength": 1
      }
    },
    "otherAssets": {
      "type": "array",
      "title": "Other assets",
      "items": {
        "title": "Other asset",
        "type": "string",
        "minLength": 1
      }
    },
    "socialMentions": {
      "type": "array",
      "title": "Social mentions",
      "items": {
        "title": "Social mention",
        "type": "string",
        "minLength": 1
      }
    },
    "reputation": {
      "type": "array",
      "title": "Reputation",
      "items": {
        "title": "Reputation",
        "type": "string",
        "minLength": 1
      }
    },
    "otherFootprints": {
      "type": "array",
      "title": "Other footprints",
      "items": {
        "title": "Other footprint",
        "type": "string",
        "minLength": 1
      }
    },
    "features": {
      "type": "object",
      "title": "Features",
      "properties": {
        "reconnaissance": {
          "type": "object",
          "title": "Reconnaissance",
          "properties": {
            "socialProfiles": {
              "type": "boolean",
              "title": "Social Profiles"
            },
            "assets": {
              "type": "boolean",
              "title": "Assets"
            },
            "onlineMentions": {
              "type": "boolean",
              "title": "Online Mentions"
            }
          }
        },
        "analysisAndSurveillance": {
          "type": "object",
          "title": "Analysis and Surveillance",
          "properties": {
            "socialProfiles": {
              "type": "boolean",
              "title": "Social Profiles"
            },
            "monitoring": {
              "type": "boolean",
              "title": "Montitoring"
            },
            "crossAnalysis": {
              "type": "boolean",
              "title": "Cross Analysis"
            }
          }
        },
        "corporateAffiliations": {
          "type": "object",
          "title": "Corporate Affiliations",
          "properties": {
            "iep": {
              "type": "boolean",
              "title": "IEP"
            },
            "kyc": {
              "type": "boolean",
              "title": "KYC"
            }
          }
        }
      }
    }
  }
}
