{
  "$schema": "http://json-schema.org/draft-07/schema#",
  "title": "FilterForm",
  "type": "object",
  "properties": {
    "filteredValue": {
      "type": "array",
      "items": {
        "type": "object",
        "properties": {
          "id": {
            "type": "string"
          },
          "tags": {
            "type": "array",
            "items": {
              "type": "string"
            }
          },
          "storedTags": {
            "type": "array",
            "items": {
              "type": "string"
            }
          },
          "data": {
            "type": "array",
            "items": {
              "type": "string"
            }
          }
        }
      }
    },

    "detectedFilteredValue": {
      "type": "array",
      "items": {
        "type": "object",
        "properties": {
          "id": {
            "type": "string"
          },
          "tags": {
            "type": "array",
            "items": {
              "type": "string"
            }
          },
          "storedTags": {
            "type": "array",
            "items": {
              "type": "string"
            }
          },
          "data": {
            "type": "array",
            "items": {
              "type": "string"
            }
          }
        }
      }
    },

    "validatedFilteredValue": {
      "type": "array",
      "items": {
        "type": "object",
        "properties": {
          "id": {
            "type": "string"
          },
          "tags": {
            "type": "array",
            "items": {
              "type": "string"
            }
          },
          "storedTags": {
            "type": "array",
            "items": {
              "type": "string"
            }
          },
          "data": {
            "type": "array",
            "items": {
              "type": "string"
            }
          }
        }
      }
    },

    "bookmarkedFilteredValue": {
      "type": "array",
      "items": {
        "type": "object",
        "properties": {
          "id": {
            "type": "string"
          },
          "tags": {
            "type": "array",
            "items": {
              "type": "string"
            }
          },
          "storedTags": {
            "type": "array",
            "items": {
              "type": "string"
            }
          },
          "data": {
            "type": "array",
            "items": {
              "type": "string"
            }
          }
        }
      }
    }
  }
}