{
    "$schema": "http://json-schema.org/draft-07/schema#",
    "title":"InvestigationForm",
    "type":"object",
    "properties":{
        "title":{"type":"string"},
        "firstName":{
          "type": "string"
        },
        "maidenName":{
          "type": "string"
        },
        "lastName":{
            "type": "string"
        },
        "userName":{
          "type": "string"
        },
        "phoneNumber":{
          "type": "string"
        },
        "email":{
          "type": "string",
          "format": "email"
        },
        "additionalClue":{
          "type": "string"
        },
        "excludedKeyword":{
          "type": "string"
        }
    }
}
