{
  "$schema": "http://json-schema.org/draft-07/schema#",
  "type": "object",
  "properties": {
    "locations": {
      "type": "array",
      "title": "Location of the investigator",
      "items": {
        "title": "Location of the investigator",
        "type": "string"
      }
    },
    "credential": {
      "type": "array",
      "title": "Credential",
      "items": {
        "title": "Credential",
        "type": "string"
      }
    },
    "categories": {
      "type": "array",
      "title": "Category of services",
      "items": {
        "title": "Category of services",
        "type": "string"
      }
    },
    "languages": {
      "type": "array",
      "title": "Language of results",
      "items": {
        "title": "Language of results",
        "type": "string"
      }
    },
    "socialMention": {
      "type": "array",
      "title": "Social mention",
      "items": {
        "title": "Social mention",
        "type": "string"
      }
    }
  }
}
